-1.998418794454603686e+00,7.951303019385178028e-02
-1.998418794454603686e+00,-7.951303019385128068e-02
-1.985784147403947042e+00,-2.380363836038083269e-01
-1.960594733609272167e+00,-3.950547943559055697e-01
-1.923009808654840835e+00,-5.495755415020504575e-01
-1.873266996537456208e+00,-7.006216951276472704e-01
-1.811680787331046316e+00,-8.472382928170562044e-01
-1.738640548879165193e+00,-9.884983772334454688e-01
-1.654608065086114355e+00,-1.123508856641541875e+00
-1.560114616370424478e+00,-1.251416151321119719e+00
-1.455757620738988400e+00,-1.371411590172825878e+00
-1.342196856718073539e+00,-1.482736523397236272e+00
-1.220150292021049854e+00,-1.584687118923147953e+00
-1.090389544325334414e+00,-1.676618812260553648e+00
-9.537350028570121818e-01,-1.757950381644867388e+00
-8.110506416259890550e-01,-1.828167622708068762e+00
-6.632385571041347072e-01,-1.886826599444269448e+00
-5.112332648809496671e-01,-1.933556450916074088e+00
-3.559957913551020647e-01,-1.968061735956841085e+00
-1.985075978161224552e-01,-1.990124301044855049e+00
-3.976437533014084286e-02,-1.999604659540131113e+00
1.192302503396380498e-01,-1.996442873563866183e+00
2.774710639781369781e-01,-1.980658932945003725e+00
4.339576162126354553e-01,-1.952352628838101900e+00
5.877005486758417607e-01,-1.911702922811521654e+00
7.377278490480160267e-01,-1.858966815394774041e+00
8.830909964318229832e-01,-1.794477721238424861e+00
1.022870958206844039e+00,-1.718643361159322369e+00
1.156184000449696825e+00,-1.631943184398321867e+00
1.282187275184440756e+00,-1.534925337387815558e+00
1.400084149138850265e+00,-1.428203198193499945e+00
1.509129240316460230e+00,-1.312451498540751160e+00
1.608633130541530010e+00,-1.188402057943420465e+00
1.697966724182727427e+00,-1.056839156905239552e+00
1.776565225498263789e+00,-9.185945784459559338e-01
1.843931709456413603e+00,-7.745423493012816296e-01
1.899640263455565137e+00,-6.255932140444550038e-01
1.943338680080819891e+00,-4.726888770658100869e-01
1.974750683872666945e+00,-3.167960488144297426e-01
1.993677678029391664e+00,-1.589003339434297835e-01
2.000000000000000000e+00,0.000000000000000000e+00
1.993677678029391664e+00,1.589003339434287565e-01
1.974750683872666723e+00,3.167960488144299647e-01
1.943338680080820113e+00,4.726888770658097538e-01
1.899640263455565359e+00,6.255932140444543377e-01
1.843931709456413381e+00,7.745423493012820737e-01
1.776565225498263789e+00,9.185945784459558228e-01
1.697966724182727871e+00,1.056839156905238886e+00
1.608633130541529566e+00,1.188402057943421131e+00
1.509129240316460230e+00,1.312451498540751160e+00
1.400084149138850709e+00,1.428203198193499279e+00
1.282187275184440534e+00,1.534925337387815780e+00
1.156184000449696825e+00,1.631943184398321867e+00
1.022870958206844261e+00,1.718643361159322147e+00
8.830909964318237604e-01,1.794477721238424417e+00
7.377278490480160267e-01,1.858966815394774041e+00
5.877005486758417607e-01,1.911702922811521654e+00
4.339576162126358994e-01,1.952352628838101678e+00
2.774710639781366450e-01,1.980658932945003725e+00
1.192302503396398539e-01,1.996442873563865961e+00
-3.976437533014035020e-02,1.999604659540131113e+00
-1.985075978161233157e-01,1.990124301044854827e+00
-3.559957913550998443e-01,1.968061735956841529e+00
-5.112332648809492230e-01,1.933556450916074310e+00
-6.632385571041354844e-01,1.886826599444269004e+00
-8.110506416259878337e-01,1.828167622708069207e+00
-9.537350028570125149e-01,1.757950381644867166e+00
-1.090389544325334636e+00,1.676618812260553426e+00
-1.220150292021048521e+00,1.584687118923148841e+00
-1.342196856718073761e+00,1.482736523397236272e+00
-1.455757620738987512e+00,1.371411590172826989e+00
-1.560114616370424034e+00,1.251416151321120163e+00
-1.654608065086114577e+00,1.123508856641541431e+00
-1.738640548879164971e+00,9.884983772334459129e-01
-1.811680787331046538e+00,8.472382928170557603e-01
-1.873266996537455764e+00,7.006216951276484917e-01
-1.923009808654840835e+00,5.495755415020509016e-01
-1.960594733609272389e+00,3.950547943559051256e-01
-1.985784147403946820e+00,2.380363836038097147e-01
4.755282581475767656e-01,1.545084971874736979e-01
5.000000000000000000e-01,0.000000000000000000e+00
4.755282581475767656e-01,-1.545084971874738089e-01
4.045084971874736701e-01,-2.938926261462366241e-01
2.938926261462364575e-01,-4.045084971874737811e-01
1.545084971874736146e-01,-4.755282581475768211e-01
-9.184850993605148438e-17,-5.000000000000000000e-01
-1.545084971874737811e-01,-4.755282581475767656e-01
-2.938926261462366241e-01,-4.045084971874736701e-01
-4.045084971874737256e-01,-2.938926261462365130e-01
-4.755282581475768766e-01,-1.545084971874734481e-01
-5.000000000000000000e-01,6.123233995736766036e-17
-4.755282581475767656e-01,1.545084971874737534e-01
-4.045084971874736701e-01,2.938926261462366241e-01
-2.938926261462365130e-01,4.045084971874737256e-01
-1.545084971874736701e-01,4.755282581475768211e-01
3.061616997868383018e-17,5.000000000000000000e-01
1.545084971874737256e-01,4.755282581475767656e-01
2.938926261462366241e-01,4.045084971874736701e-01
4.045084971874737256e-01,2.938926261462365686e-01
-1.230730528585046724e+00,-1.949285659602628673e-01
-1.110048102946097348e+00,5.655977586140474855e-01
-8.807911068101291763e-01,-8.807911068101286212e-01
-5.506346397609456211e-01,1.118912544217571581e+00
-1.948057453132965300e-01,-1.229955069539225621e+00
2.220559043278686195e-01,1.227598019873923363e+00
5.652414370672598221e-01,-1.109348782535033218e+00
8.885092415252027198e-01,8.731487275272039605e-01
1.109232304046106510e+00,-5.651820883128335637e-01
1.229567660418483532e+00,1.947443857365303843e-01
-1.052839901035270920e+00,1.067206076786633595e+00
-2.083758438336578978e-01,1.487439701213700616e+00
-1.485655004303144455e+00,2.353618298151530508e-01
-1.339701814538865943e+00,-6.827316471852270530e-01
-6.685257076856014891e-01,-1.358472109175872466e+00
7.231102048892382728e-01,1.332856461017313476e+00
2.350137240296898411e-01,-1.483459919171149943e+00
1.061749822756588024e+00,-1.061705844607329530e+00
1.383520446322313635e+00,6.470077450820915788e-01
1.482834259077331795e+00,-2.348515811527722152e-01
-6.662136742565689662e-01,6.662136742565691883e-01
-9.306563743159119717e-01,1.472931085507799831e-01
-8.393837705238211822e-01,-4.276873929744781089e-01
-4.276092370141718613e-01,-8.392303808150551880e-01
1.473254651903933288e-01,-9.301763789960524331e-01
6.658859764208231447e-01,-6.658859764208234777e-01
9.300979592169867916e-01,-1.473130447175758917e-01
8.354253167883931575e-01,4.256704600556314722e-01
-1.463747788805275230e-01,9.241739818671559359e-01
4.231450159246618048e-01,8.304688536058855153e-01
-5.962175907918844109e-01,1.504441365239510997e+00
1.595838694645300426e-01,1.610541383321010045e+00
-1.493453906773888118e+00,6.229558707328651801e-01
-1.222194403378092264e+00,-1.062911534260197133e+00
-3.517139959961389506e-01,-1.582342881028619530e+00
1.085828829043060217e+00,1.203751150302170503e+00
6.208238333758258065e-01,-1.491212822748503308e+00
1.378191943064719149e+00,-8.414349011653253774e-01
1.591526374031400959e+00,3.206884694867682684e-01
-1.573905828279288599e+00,-3.743391585962475565e-01
-9.161356349248024333e-01,1.381492461389738136e+00
1.204050388033351515e+00,9.090046108811399295e-01
4.973254579459014946e-01,1.585300028261362293e+00
-1.005287858813166846e+00,-1.322953576141645105e+00
-1.265382384390940640e+00,8.373800070546804086e-01
-1.513568382949431967e+00,-7.183526596727916880e-02
1.567853888709911159e+00,-5.618360425061612595e-01
9.374914772499975957e-01,-1.375221710736315384e+00
-3.509690387867653999e-02,-1.670875785167338812e+00
1.132123451791082758e+00,4.802497400112378800e-01
5.058587045026580187e-01,1.121827521598341981e+00
-8.462392849126526562e-01,4.311145144537798513e-01
-9.383187284658948135e-01,-1.486577893173341436e-01
-5.605207131881584370e-01,-5.604420380800250179e-01
-1.485186095644949744e-01,-9.376586414342252818e-01
3.597785009477285634e-01,-7.061521430087580598e-01
8.456117499437760809e-01,-4.308617045371898602e-01
9.376003120373720412e-01,1.482395656778435766e-01
-3.612377874297525437e-01,7.043965663883843265e-01
6.723264781032276538e-01,6.719065031207529515e-01
1.222976732780927667e-01,7.795453548433355362e-01
-4.755364485890350990e-01,-1.132504006906208227e+00
1.719154651939851064e+00,-6.840167642883898669e-02
-7.815166220059807656e-02,1.216728812654479963e+00
-1.222556722136861840e+00,1.005738693256629235e-01
-1.047805900163793380e+00,-6.370844104482672465e-01
2.822780618804748842e-01,-1.192378639717512012e+00
9.291166470315754822e-01,-7.984899079577263414e-01
1.220921664054229083e+00,-9.980697001603891505e-02
-9.296583988056116299e-01,7.990908382792442088e-01
1.476715282691386966e+00,6.755124051379080008e-02
-1.461466894214039858e+00,-9.286170071622082967e-01
-1.325705955129553804e+00,1.106359441726653126e+00
-8.519531964796590862e-02,1.730724086106771420e+00
-3.775255549264657229e-01,1.698467735275543511e+00
-1.690825660787498519e+00,4.112687567554923485e-01
-1.725268629417508137e+00,1.022675366170294198e-01
-1.607042317779034946e+00,-6.750371100272966052e-01
-6.173563970855352467e-01,-1.622163765800117119e+00
9.667207976480159948e-01,1.443197454539606905e+00
-8.155035081547896691e-01,-1.137781799445771735e+00
1.715616916187113095e+00,-3.488707374394039440e-01
1.639268223344731323e+00,5.805749113643973169e-01
1.522731024375332698e+00,8.657437257680401510e-01
1.276679169708760497e+00,-1.202708874971939457e+00
4.240490690379049576e-01,-1.679905915265232252e+00
1.371070508333676274e+00,1.099778029591536033e+00
-8.073205240340664002e-01,1.147287330522079207e+00
-3.335864788969337136e-01,1.260530417501255718e+00
-7.054976285875802500e-01,9.159223546143342443e-01
-1.739427552969078139e+00,-1.840547834220040979e-01
-1.258132024807275817e+00,3.553032163761235540e-01
-1.326530011229210215e+00,-4.296009269928924290e-01
-1.348855578474716932e-02,-1.413663919244828593e+00
8.193976093971679919e-01,-1.147034484078525374e+00
1.337694045184825598e+00,-4.471349252522004991e-01
-1.514495586327451848e+00,8.738426113386525973e-01
-1.158662791555216343e+00,1.300109689962565929e+00
-8.499585974594747739e-01,-1.530489648641695233e+00
7.483648168500383058e-01,1.582636481782693005e+00
8.514814274630808644e-01,1.119434895352102277e+00
-1.083094799761784577e+00,-3.935354060383167152e-01
1.363276879311857037e+00,4.046495528317045620e-01
1.107377233387187188e+00,-3.186466718751116423e-01
7.085696650487911530e-01,-9.087252191922414735e-01
3.905494150004100440e-02,-1.151732450242670680e+00
8.060455052814741173e-02,1.023960104204542754e+00
-6.455654396858883093e-01,-9.541646355407761293e-01
6.502764741088536971e-01,9.123309020364477329e-01
-4.343032261082708789e-01,-1.363115262292760477e+00
4.920486178891705364e-01,1.353388064991348561e+00
4.458048534542213837e-01,5.910028108921401291e-01
-7.064216349912497694e-01,-1.118861952912327262e-01
-6.371368515546101952e-01,3.246374406778280153e-01
9.495476222054569648e-01,6.390200203153956204e-01
-1.118319459218407169e-01,-7.060791179530785389e-01
7.060277071506231295e-01,1.118238032506670976e-01
6.368277675543514427e-01,-3.244799545136647367e-01
-1.166013410534055605e+00,-8.372971473643106011e-01
6.556282881695910114e-02,1.398635705225868220e+00
1.929425099971173452e-01,-1.753366878002747598e+00
-3.860600481213774526e-01,9.435817342335748314e-01
-4.927001237304433068e-01,5.173685702796815278e-01
-8.172373029959690838e-01,-6.581551524185114133e-01
-6.276618261199216064e-01,-3.422122034573460425e-01
-3.423791156728964169e-01,-6.275204472691605639e-01
3.735044260846508979e-01,-9.795950083984917844e-01
1.178784977838237269e-01,-7.023303402053562294e-01
4.909264601620485502e-01,-5.194891133622372426e-01
4.303610368057535496e-01,-1.365801534834605757e+00
1.150599095987466125e+00,-8.519105857146382910e-01
6.022127466826616704e-01,4.178380922675625775e-01
-1.107315031127799054e-01,6.991311955005590217e-01
3.040968639446317567e-01,1.019664012296777056e+00
-7.091858427041666246e-01,1.123127768978824381e-01
7.087671862270118472e-01,-1.122502973880000754e-01
3.396011993388888817e-01,1.747066765584123882e+00
-8.096972493287989403e-01,1.582229784346790069e+00
-1.228068736142147177e+00,-1.288295618725584291e+00
-2.336881119701732512e-01,-1.770670791825015078e+00
1.171283020222983140e+00,6.940910049700146356e-01
1.760795711637831662e+00,1.607345203128955347e-01
8.560015230902822125e-01,-1.577805364904655283e+00
3.191439093363751534e-01,1.473338290819365959e+00
-1.041417025405584562e+00,3.347014871831350824e-01
1.436500002023403333e+00,-1.052717423462317559e+00
-6.603735763911415813e-01,1.301396732742150508e+00
-1.021770845937287397e+00,-1.116218203121492891e+00
1.632502298782947836e+00,-7.634449017248690073e-01
5.297957417096339494e-01,-8.149773273197454815e-01
-6.110000130467758694e-01,-7.555846254585492083e-01
7.419905371433299646e-01,-1.331747218424244483e+00
1.384461702269829342e+00,-6.415612205890053321e-01
-5.290695462514989345e-01,8.078598418273416071e-01
-1.764862045453225114e+00,-4.292770308089884357e-01
-1.674828944876366688e+00,7.035108399023883852e-01
-6.486723142422913257e-01,1.692313610170054661e+00
-4.018711562087526890e-01,1.505648427805009293e+00
1.004246958923039335e-01,1.799415752710256777e+00
-1.497632726692821992e+00,4.289963048212578345e-01
-1.294874358290611926e+00,6.402432195668293913e-01
-1.421776874424777848e+00,-2.474134076171863317e-01
-1.383165837823846500e+00,-1.171484626031360943e+00
1.272982745313389952e+00,1.273937411861581603e+00
6.876284210458211144e-01,-1.672434647018225640e+00
-4.633671677381822063e-01,-1.743463797007150040e+00
-2.156083127005096189e-01,-1.431819571180817263e+00
1.020014199677203415e+00,1.018846349093421200e+00
-2.540180966426195952e-01,1.084539124256715503e+00
1.063520708359909195e+00,2.974535863868222885e-01
1.755224355299277672e+00,4.249450781558966606e-01
-3.294603692153609265e-01,-1.005822995667640107e+00
1.089306766799585491e+00,-1.254009820765645378e+00
1.113788985880214577e+00,-1.446548897020961233e+00
-1.057169910403168211e+00,2.493982748292600249e-03
-8.532596645969591220e-01,6.229666073901254375e-01
8.527364071592653527e-01,-6.225413348558520577e-01
1.102765887260873656e+00,5.106383999070487900e-02
2.577724495291213169e-01,6.401840740843968147e-01
1.245558006069072743e+00,-1.015837799002576203e+00
-1.469635557993925312e+00,-5.490624084609536659e-01
1.379794879097346050e-01,-1.307812582850228056e+00
-8.799742753135131323e-01,9.772242420062097201e-01
1.284564247507349100e+00,-2.717037374098476565e-01
-1.059687976536632936e+00,1.495739925673749582e+00
8.791733744735434897e-01,-9.743097909178471960e-01
-1.626405569225705672e-02,1.561752783502991404e+00
6.242484304724346122e-01,1.716228681708574566e+00
-1.060411292388649507e+00,-1.496760879409837486e+00
1.432376110419996795e+00,2.402664536350489211e-01
1.147730184067774051e+00,1.409011098472360946e+00
1.569175519271179819e+00,-9.315754644235643145e-01
-1.208966935022922407e+00,-5.626264508978574552e-01
6.784321685686662828e-01,1.086266145310283537e+00
9.279999853788828412e-01,1.274589349562364360e+00
-8.002055277057898985e-01,2.629578760850461716e-01
-6.629451176185757744e-01,4.944662062736654429e-01
-1.000686864253607977e+00,1.231395344502900224e+00
-8.425415507013370719e-01,-3.062879942484553197e-03
-2.574722237320984930e-01,-8.017025879160750712e-01
-7.814724029990377518e-01,-2.661786835451083189e-01
6.606550936322074241e-01,-4.943915627112915878e-01
7.986416821723778536e-01,-2.610224957732207862e-01
5.120739834665932744e-03,-8.327291165978972787e-01
8.418218358603658524e-01,2.799295580734967315e-03
-2.555787099988566791e-01,1.824385749534170209e+00
-1.804767416647343969e+00,2.675491179627244032e-01
-6.447713764545098813e-01,-1.183363819541460638e+00
-1.622917708054723240e+00,-8.527268688026563570e-01
7.233010348026062131e-01,2.883004493268225277e-01
3.401873581923078177e-02,-1.836254699468503393e+00
6.185447702878693610e-01,1.466525833049565186e+00
-8.389808489876812159e-01,-1.360377698719560158e+00
-1.333348012705316776e+00,-4.422582946270557647e-02
-1.105474517149380276e+00,7.484927038441924196e-01
1.746382454435148945e+00,-5.279612976940074587e-01
1.502741296155882811e+00,-4.042207877076972045e-01
1.831155913079905995e+00,-2.195010630607107383e-01
1.030933805344475651e+00,7.852585955190246603e-01
1.672550335554964906e+00,7.821734937277596833e-01
1.528952383613339849e+00,1.035932529921471668e+00
-4.981546868585478571e-01,1.361798447111423505e+00
-1.490862831545372469e+00,1.101397468124654111e+00
1.182201284709158695e-01,-1.603487311283608108e+00
-1.892246696542063400e-01,-1.611657756518324991e+00
-1.830280514779815570e+00,-3.605076763562808928e-02
1.486099938387291708e+00,5.164149963669647514e-01
-1.054998712405213146e+00,9.038596826125931960e-01
1.354158048415465387e+00,8.193619385332954197e-01
-1.644592624609116704e+00,2.575882809485758873e-01
-1.404315569607448522e+00,7.573902137669468182e-01
1.531956935232669847e+00,7.062050370789187959e-01
-1.384110954786523351e+00,1.093996509069299211e-01
-7.611753466723597539e-01,1.427914214593231979e+00
1.174222511126498114e+00,1.068123125854072430e+00
-4.980210352328456325e-01,-1.512290215075459576e+00
1.259378446359628034e+00,-7.376727100220729083e-01
3.914142538368707847e-01,-1.522134504356784879e+00
9.490908664191380906e-01,-3.108293909616249295e-01
-1.091674225274438248e+00,-9.756106983311495506e-01
5.786721485809181997e-01,-1.280108923030499612e+00
-1.202776445764661029e+00,9.926745876603529917e-01
3.312561254208928885e-01,-1.831292731749984970e+00
-5.557946529739943298e-01,9.622809050958670563e-01
-1.301231181289216554e+00,-9.234282200403600704e-01
4.396838099753633822e-01,-1.205132453228032308e+00
-4.206233334147525538e-01,-4.937320013761881121e-01
-6.942809834348714348e-01,-4.821517277670393509e-01
2.873494231970903923e-01,-5.639549967174553036e-01
2.839822868712189030e-01,-8.470227922827132661e-01
-1.583129932730809486e+00,-2.152299165231181810e-01
-1.560164981431448217e+00,8.726543957447720212e-02
-2.871339397891052303e-01,5.635320867171813575e-01
-2.340260301791183273e-01,7.949473241612809993e-01
8.903426360696666819e-01,1.641103841407429265e+00
9.872625122296097011e-02,6.233330181971583617e-01
1.394130159967191140e+00,-8.538314803741500758e-02
1.557306313295336420e+00,-8.959956456151901838e-02
1.314628373971317377e+00,5.631343052154740014e-02
-1.844028952396898680e+00,-2.958252354535795270e-01
-1.322415118177874715e+00,1.272406076876312575e+00
2.631050777351031100e-01,8.618183682422044800e-01
-2.483979437992131500e-02,8.280791690419332385e-01
1.634088859937256055e+00,-2.206839516494545073e-01
3.848617431687421098e-01,1.230803442057942121e+00
5.987324048178180869e-01,1.243558518195610363e+00
5.028849773875699869e-01,9.652516207608013987e-01
-1.621574250253932759e+00,-5.212609387118539717e-01
-1.764724937122665427e+00,-5.866585789812666096e-01
9.775402743905159397e-01,4.868493118736317293e-01
1.209028873870105603e+00,3.471161507649432876e-01
1.254719714333434100e+00,5.683055344369710715e-01
9.980073943314378138e-01,-4.576205381865515176e-01
-1.044454801771604047e-01,1.068628318108269193e+00
7.106875725878597505e-02,1.246561929684641745e+00
-9.306285218605368781e-02,1.376233160817352141e+00
-7.711979114231216625e-01,-1.671576961109827675e+00
4.403376615504145386e-01,4.403376615504144831e-01
-1.375548513780008975e+00,9.539272831339289382e-01
7.877511737913819312e-01,9.839268397601953486e-01
1.634782320079575912e+00,6.528318435898565475e-02
-4.034326530806405797e-01,1.092179434814432692e+00
-1.663029938217620574e+00,8.598897823250858385e-01
2.832414187775778025e-01,-1.341490308243514784e+00
5.167315211490118854e-01,-6.663952388407282657e-01
4.884626666037784060e-01,1.791994578883557399e+00
1.017693885372572993e+00,-9.193362783002778649e-01
-4.795852957270036465e-01,-6.854785977387080065e-01
-7.562086884358694139e-01,-7.959654524852795010e-01
-4.785598431515625251e-01,-9.814569381796746095e-01
-3.518883940191300241e-01,-1.229387643798560914e+00
5.230824149629021980e-01,-9.651054502549533121e-01
-1.199410046730229329e+00,-1.435831493787759650e+00
-9.578994673986365171e-01,1.606062065138146089e+00
-9.656837224008492093e-01,5.227982176436873907e-01
-9.469692451808944256e-01,-3.087793704392630678e-01
-1.076662538652699563e+00,-2.214782708918626164e-01
-1.085896809003801922e+00,1.819787481773074977e-01
8.580631277864680939e-04,-9.914328997620635020e-01
-1.197240305777079461e-01,-1.092031615775076903e+00
9.130232166603912125e-01,2.967185261544796337e-01
-9.237921051214051937e-01,-5.520964365386202832e-01
-9.412510980383572701e-01,-7.431431263281583766e-01
5.683572897176343286e-01,7.835945274517787107e-01
7.542456624944469112e-01,8.006428777054219736e-01
7.154083556869678118e-01,5.233088186199197356e-01
-7.857045415566890068e-01,7.569026445724332808e-01
2.400030695181514795e-01,-1.048306676561553630e+00
7.853257656651726482e-01,-7.563574906902121864e-01
9.967939121039772754e-01,-6.645580093667877719e-01
1.082591115376216440e+00,-1.669104841607781664e-01
-2.240335428597436118e-01,1.648194327230882994e+00
1.252148057722033636e+00,-1.362648603083534304e+00
-1.384761298240736682e+00,5.235893114231299217e-01
-5.021262547856283343e-01,6.637107777421393795e-01
-1.758599238907794460e+00,5.615373944670117856e-01
-1.487930119257020012e+00,-7.752330467873085329e-01
-5.115994875491420846e-01,1.629326009200200875e+00
-5.051760965184063368e-01,1.781433718213274675e+00
5.505855357061056887e-01,2.805373425657843311e-01
-1.194783881595575137e+00,1.441236544259065777e+00
9.437210682859045185e-01,-1.227345499556958375e+00
-1.604156212958544714e+00,5.283161308270947210e-01
9.847636957627651233e-01,-1.511918749872537715e+00
1.844635819322794967e+00,2.714638094653121225e-02
-1.668173213249253051e+00,-4.406713495623948429e-02
-1.595051584242202836e+00,9.927832786724777314e-01
1.249182976979115622e+00,-5.949540585722944419e-01
-8.045762292555042050e-01,1.290943476984164784e+00
5.581830223342292285e-01,-1.758874190199780418e+00
-1.118886924561282858e-01,1.873512653459142419e+00
1.759919753325963621e+00,6.582286257874694346e-01
-9.903518768808685646e-01,6.636583392812330784e-01
-9.697179338588537423e-01,-1.604304727177179979e+00
1.024247505483038223e+00,1.574916638774582767e+00
1.405183946144553886e+00,9.570025215563433552e-01
-1.189248876425485602e+00,-5.639376105565679920e-02
8.129967194998912738e-01,6.728255286356044085e-01
-1.116081602761150315e-01,-1.868815301319084243e+00
-1.201344812909116211e+00,-7.021284140331873758e-01
5.826687328105906172e-01,5.653686114444022026e-01
-1.240625524506842492e+00,5.002612816566847087e-01
-1.027711186662249920e+00,-8.520983130239763170e-01
-5.499198119458060807e-01,-1.285396260118040868e+00
1.514582736791932227e+00,-6.900876971937512927e-01
-1.345193412607618599e+00,2.446837276953001961e-01
-1.180227983751797938e+00,1.149818421013381942e+00
-1.513724251449944491e+00,-1.118286687889110675e+00
6.837574000269748264e-01,-1.185935455810633643e+00
7.179641445531700361e-01,-1.049281645539552166e+00
5.573781498970196147e-01,-1.617525225127123711e+00
-6.795737681021943866e-01,-6.337457689343427569e-01
2.999525208747042537e-01,1.612401255085939233e+00
-9.079186072532345886e-01,-1.024471145579341824e+00
-1.590643956972328299e+00,-9.937493527303605800e-01
-1.862381174310340004e+00,9.734210149837854709e-02
2.611953224620901515e-01,-1.625773287213203355e+00
1.123585748230917947e+00,-7.172782321089476998e-01
-7.717919728169393423e-01,-1.007789316145283776e+00
7.613472406751451427e-01,-1.472220849649424679e+00
7.638326649515375655e-01,1.721734840665068100e+00
-1.825585084637074917e+00,4.010801437601335118e-01
1.473918686594531735e+00,-1.182275732041769611e+00
-1.104420655584451350e+00,-1.226832642611505930e+00
-6.020495926145796872e-01,-1.761125866394193995e+00
-6.306888628571630795e-01,-1.487940402682624619e+00
1.560655587704431690e+00,1.840945328333702113e-01
-1.736885757431291699e+00,-7.218444853426742025e-01
8.477500265769899457e-01,1.381768899295231945e+00
-5.146229412772421186e-02,-1.269810529114452358e+00
-2.289028744152433736e-01,1.350765872618219010e+00
9.735146594357975136e-01,2.033127874571364485e-02
1.743320643871446141e+00,-6.717586949062428481e-01
-8.995827808966330164e-01,-1.241449936573132407e+00
1.877750755483797107e+00,2.250863970935715885e-01
4.599129040300160842e-02,1.678664043665849537e+00
-7.256662147103351557e-02,-1.538214366466147620e+00
2.105582895659512399e-01,1.374189626863826286e+00
1.724757982055403982e+00,2.921386197322481393e-01
1.602700524335461951e+00,4.529641225583556086e-01
1.220280554220268376e+00,-3.869330669346717766e-01
-7.548917247766661065e-01,-1.257590776319301051e+00
1.567111024572806377e+00,-1.062538970233460889e+00
-2.729667924414297397e-01,-1.124397750925304695e+00
-1.351875953092975147e+00,-1.044259900014719245e+00
1.847337182094171748e+00,-3.502307251511880826e-01
-1.872819005220539346e+00,-1.640504872795860991e-01
-9.438325800738204263e-01,-1.438089197018454168e+00
1.645853908105630037e+00,9.103921693229380940e-01
1.639883702884630257e+00,-4.540686138753255996e-01
-2.107652133095714864e-01,1.210077114935455223e+00
-4.670656851545384458e-01,1.227968518743721704e+00
8.590994430492027156e-01,1.515354598024273081e+00
-1.143125038478014721e+00,4.149500477812373411e-01
-6.750852239755876782e-01,1.168311245196886672e+00
-9.270235886570480366e-01,1.097875466877274775e+00
1.039616930185857657e-01,-1.472775870521378705e+00
1.040492307789944171e+00,1.337505679041504525e+00
-1.208498581386431292e+00,2.323861014276488446e-01
1.442691744252441843e+00,-5.247165230652377499e-01
1.375055792855619963e+00,-1.295385594821209629e+00
1.160361900931892842e+00,-1.145701272097113366e+00
9.357201830098970108e-01,-1.090585056685221765e+00
-5.353203269386195284e-01,-4.332455119511523511e-01
8.123042887523979072e-01,1.905052453690678771e-01
-1.041593882223279754e+00,1.353301524157790814e+00
1.396284170942138747e+00,-3.336299076621016546e-01
-3.724143240157475887e-01,1.381784139959031821e+00
-7.234458360521787146e-01,1.046111846289339065e+00
1.550979272777155415e-01,-1.874605129623808430e+00
1.285092954140001797e+00,1.006551585302475571e+00
1.485527434944712288e+00,1.155681844982912931e+00
-1.444224282837692774e+00,-3.751399055703559249e-01
-1.342707291189149776e+00,-5.556671941760880085e-01
-1.304082602816295289e+00,-3.018744290397228913e-01
1.885618995548166976e-01,1.890414385563331079e+00
-3.845754228924821994e-01,1.827304732129768627e+00
1.275200342737868420e+00,1.401603374393016299e+00
-6.628696817009028797e-01,7.946841473767927155e-01
-1.681446006450688868e+00,-3.007516314402854385e-01
3.241875709104110603e-01,7.494673940582412541e-01
-1.533024391350911175e+00,7.459628694859687936e-01
-9.277699645704959863e-01,2.754336532994875464e-01
3.656388248814737008e-01,1.355765709866762592e+00
7.464415677896383272e-01,1.456664211885841276e+00
7.460766563113490069e-01,1.201352710666079515e+00
-1.385850839140905455e+00,3.662524530583740057e-01
-7.512495163142416388e-01,-1.452910990732016128e+00
6.237608691722585919e-01,1.591323253246367475e+00
7.127143566401081265e-03,1.125204026650642231e+00
1.104179592513329755e+00,1.776093930003453947e-01
9.701858948582425812e-01,1.157338431864101791e+00
-4.128218827272989166e-01,-1.857264068824669545e+00
8.371940895446015052e-01,5.504261699811887620e-01
1.413548540176093882e-01,9.085596494111790600e-01
-2.405293285407450465e-02,9.539768486606090558e-01
1.937823797886721600e-01,1.096290867744034392e+00
4.104283400388052394e-01,-8.581494205926223362e-01
1.316052856185577324e+00,2.839721979778380145e-01
1.505520775838887992e+00,-8.190510597302101958e-01
-1.170226909012756167e+00,-3.041292193464136262e-01
1.806118444456336736e+00,5.406097379540090175e-01
1.839489107254321576e+00,-9.626441570772244216e-02
1.584257392973958956e-01,-1.185464064407487639e+00
1.113173261053822111e-01,-1.049812818107017431e+00
6.553342730191166199e-01,-7.929115050083564986e-01
-5.870124393170685906e-01,-1.068562745512840806e+00
-5.516034322970080339e-01,-8.682216562793203529e-01
-1.091038505818311410e+00,-5.190174900709036976e-01
-1.201023228966395573e+00,-4.371443668652704173e-01
-9.643211094629258184e-01,-4.326035189807835857e-01
-7.757529593076644137e-01,1.705389222303700159e+00
2.105972156636476689e-01,1.730221862415956213e+00
1.853608809317181860e+00,3.477734861982188508e-01
3.787900990591219763e-02,1.904796544086978294e+00
-2.736871976472162737e-01,-1.323830292941911457e+00
-1.286325727134203900e+00,-7.976232000334502192e-01
-2.321376232649060567e-01,-6.815675309222408718e-01
5.631477865882033029e-01,-4.214388682736422975e-01
-6.663070555336565448e-01,-2.267979777915841710e-01
1.382722770685101965e+00,1.221042206786043138e+00
1.487862746618182630e+00,3.911077264172546086e-01
7.692628913443783079e-02,-1.717640519773163010e+00
-1.354642217700334550e+00,-1.294983522314805846e+00
9.137505339640231705e-01,7.547084027935899719e-01
1.058970466168304148e+00,5.804889073235174335e-01
2.392430399944737718e-01,-6.780030015533673460e-01
1.993914825068033858e-01,1.495454012870213401e+00
3.385937407488889272e-01,1.871857480859040690e+00
-2.411636026063359028e-01,-5.605230808863830294e-01
-5.268293081080511753e-01,-2.684329400205934801e-01
4.180539203068657228e-01,-4.180539203068658893e-01
-5.665654794096542934e-01,4.222372954561376401e-01
3.434166134531548287e-01,5.192864080135117799e-01
4.656182622876792188e-01,7.136828168632343150e-01
-2.679641364327308706e-01,9.123058723671148007e-01
-4.053473664409460442e-01,8.206995351421935148e-01
-4.475307955468736942e-01,4.060542457182062526e-01
-1.437308945762133972e+00,1.217112453149556739e+00
-8.313981944975281646e-01,8.676801002842058352e-01
1.949117300158544064e-02,7.151736295561869072e-01
4.557810631599885642e-01,-1.829745156507113668e+00
-5.849969725658112907e-01,9.265441809138420803e-02
-6.631931240893667034e-01,7.633067297536100249e-04
-5.837988130513694918e-01,-9.432282217690822479e-02
-5.820166354418884191e-01,2.151751912701652114e-01
-2.449430856268627332e-01,6.756511645686420486e-01
8.213552856064323393e-01,-8.700245871508034412e-01
1.366419265173715925e+00,5.245663288615278752e-01
5.847624455488312778e-01,-9.261727266105881928e-02
6.628626578081191489e-01,-7.577192855015568718e-04
5.835643039357230055e-01,9.421192997375166245e-02
5.819655634404716782e-01,-2.150223567242873779e-01
7.195441506857711556e-01,4.058109967723084743e-01
3.687004123207101025e-01,-1.103482869362839125e+00
9.056078367557195419e-01,9.899119611420176268e-01
-8.240767241680881927e-01,-1.195098199781680359e-01
-7.318922928219839807e-01,3.971131748568792474e-01
1.884184956147216860e-03,-6.344056876685646440e-01
-1.274846989126192098e-01,-5.897512586700618398e-01
-1.130999227265430951e-01,-8.245739453085089155e-01
7.467673374592579405e-01,-3.667831953637689102e-01
-3.426382646881186989e-01,-1.453753140841938407e+00
1.004058707338348011e+00,9.010513642645834320e-01
-4.621061872087670608e-01,-1.625090601500759568e+00
3.059063765450280026e-01,1.139988611165352994e+00
-5.196581757737429585e-01,3.140561162159176134e-01
1.116732648194794786e+00,-4.461390019214955260e-01
-5.467226922456832616e-01,-1.404047496612514490e+00
-1.086637754864013150e+00,-7.491595023936459263e-01
-2.971735780236491320e-01,-1.867921537990951730e+00
5.023367346894629382e-01,1.469169988221697087e+00
-8.065151410074082872e-01,-5.408268755215772661e-01
5.069885559261179120e-01,-1.513124621110814472e+00
-3.489671135429779358e-01,-1.760777292618906253e+00
7.760754566387947362e-01,-5.294185670071142047e-01
-1.197551943797446894e-01,-1.364776925390156714e+00
7.758147305236454683e-01,-1.748743295141077070e+00
1.590064306696214458e-01,-5.926137350570487294e-01
1.687867026237790391e-01,-8.115768231571360847e-01
-7.777100198028457090e-01,5.296766766831763062e-01
-1.122528799950169409e+00,-1.344688173227642336e+00
6.310362819774077980e-01,1.986955125199022787e-01
-4.063705024626408924e-01,5.964038762272786398e-01
-5.880303625808878110e-01,5.817967585463327262e-01
-8.987954888520734986e-01,1.500885526272202508e+00
-7.371742855294212138e-01,-3.759050686760792015e-01
1.200719416314772081e+00,1.182010805780422391e+00
-3.594856284965711191e-01,-7.436446375585618052e-01
4.184142205532978553e-01,-6.079458619212294579e-01
5.468500329200357557e-01,-1.396223150788430623e+00
-2.991769267798456422e-01,1.559735416256461393e+00
-1.613145827832792867e-01,5.929475536235626620e-01
-3.384083679124949562e-02,6.115350240389484382e-01
1.266582719172486104e+00,-8.941914513874924531e-01
1.353099262346877829e+00,-9.717845884489753061e-01
1.124114559354931542e+00,-9.644059313991075744e-01
1.044251378635674854e+00,-8.069847400574450269e-01
1.188679562635732267e+00,-2.094740071020655126e-01
-6.897483348493698152e-01,1.579586099392890075e+00
8.521775656499950280e-01,-1.297558363089206024e+00
-1.454287415150177232e+00,-6.641291210921355104e-01
4.179224594410114180e-01,1.045181438596499923e+00
4.062492279338723034e-01,1.654274521150838062e+00
1.257614902303470616e+00,4.523936343188596498e-01
-1.588550122520208774e+00,3.582426164107728739e-01
1.598023534335601070e+00,-3.336415689936249040e-01
8.949354709285357867e-02,1.521869595637373784e+00
-1.263969138504743794e+00,-1.174591327544195263e+00
-1.136618531213072353e-01,1.620565473531730527e+00
-1.046328619371032831e+00,-1.112839130402589471e-01
-3.698855813661356962e-01,4.873937063740894082e-01
-2.186365638863407845e-01,-1.025767504435044719e+00
5.863639804690806701e-01,-5.784443432932183660e-01
-8.167042521226401952e-01,1.501697849059695777e-01
8.226473062274136661e-01,-1.094889243087258102e-01
6.040474190074707206e-01,1.355450136355375479e+00
3.578768886454713472e-01,9.214520767723126671e-01
-6.936259495978280842e-01,2.275829539986929939e-01
1.125638829307452626e+00,1.521475157317878857e+00
-1.483889990221771926e+00,9.813209044704576112e-01
-1.463448539581302166e+00,2.921741578953522545e-02
-1.185030791496876068e-01,-1.752393115599180984e+00
1.288251253468280844e+00,7.194558068707266330e-01
-1.342797961795937134e+00,-1.609493994991544885e-01
6.923998716445715074e-01,-2.281483895276315566e-01
-1.165484673852628772e+00,8.873738007417322216e-01
1.459921078852927989e+00,-9.451437951430818885e-01
9.488990070346100536e-01,-5.608048599133412804e-01
-7.439209278725276153e-01,-1.563822469414625216e+00
-7.371445993650618256e-01,-1.857497111076169105e+00
1.328718324201115797e+00,-1.098015401831382798e+00
1.059674541113683199e+00,-5.486861657779235069e-02
-1.383815414060740379e+00,-8.498580770822525832e-01
-2.832068798447252567e-01,-1.671101304339747573e+00
1.341978740455936681e+00,1.684680338104348474e-01
9.605012380505961733e-01,-1.623265869509736614e+00
8.656844807894278349e-01,-1.686624362201182947e+00
8.732965384894257888e-01,-1.467080712105827356e+00
-1.179873673942614776e+00,6.588485182628992520e-01
-9.572678078951744052e-01,4.101151234272056856e-01
1.145478024459909872e+00,8.079802158611422147e-01
3.201755358726617873e-01,-1.720368608987071557e+00
-7.138627352802745518e-01,-1.099614225007100599e+00
-2.601751065298028021e-01,-9.155037590542354220e-01
1.373546499900333284e+00,-1.986543553297546727e-01
-1.198386903980485974e+00,-9.572869172293118067e-01
-9.507844992796061767e-01,-3.615722782288335185e-02
1.144223091593488117e+00,1.298104813710308836e+00
1.102356982661973461e+00,9.477148170630104174e-01
4.923176211071551567e-01,1.228452709557289024e+00
-7.371445993650616035e-01,1.857497111076169105e+00
7.467518300763280603e-01,-1.580525363902731240e+00
1.738030609574860108e+00,3.697880324881765157e-02
5.793834303594632695e-01,1.042114933057139536e+00
-2.182039454696005354e-02,1.816460964686191559e+00
-6.529657627664495756e-01,1.410714082232592981e+00
-5.781936882663852861e-01,1.226578069205928934e+00
-7.415818441940653649e-01,-9.035266491499041042e-01
6.167094766369645154e-01,-1.016023129063737152e+00
1.209702612373231512e+00,1.310949595807197471e-02
-1.282208910539061608e-01,8.038608457525706630e-01
1.669636759374250268e+00,-8.734230583414431814e-01
1.737752512385094095e+00,-7.778431571761122987e-01
1.633577868098797126e+00,-6.519304154392041584e-01
-1.251578980631056215e+00,1.351513989158577456e+00
5.646706833847817686e-01,6.715100150347479424e-01
-8.992453708628803666e-01,1.200280836792901651e+00
1.430954715670734512e+00,7.437668825455961974e-01
3.446044119192532840e-01,-1.427455068337390554e+00
4.119277804931199549e-01,1.523441779184490752e+00
-1.453023799054322218e+00,-1.252662591134963144e+00
1.212793655041912499e+00,-4.939916423769848963e-01
-9.869027403793676489e-01,-9.515500563542703683e-01
-8.822924451378999500e-01,-1.672864460236814788e+00
-1.286883672148825486e+00,-1.376271756277976710e+00
1.060158073881915630e+00,-1.586664076835970549e+00
-4.222434606443795091e-03,1.319972524464993358e+00
9.878800395011566593e-01,3.773290448008134179e-01
1.366055118875188601e+00,1.326747050992471699e+00
-1.048963613122515737e+00,4.599225027087771034e-01
3.554948077062822231e-01,-1.266464558852396394e+00
-8.722857857219357136e-01,1.665737427718593677e+00
1.250400023300547003e+00,8.161177783278407150e-01
-9.198963595772414736e-01,-1.139044755998365632e+00
-1.130405276542290727e+00,-1.121232535980084988e+00
4.553120207779511874e-01,-1.044804344238983829e+00
5.218891724815384325e-01,-3.136115548995150881e-01
8.209084601946631254e-01,1.278038378795820940e+00
5.204878839789472966e-01,1.689830490470029645e+00
1.066091916668135742e+00,6.857681684247621812e-01
2.499996426252605319e-01,-9.450443342846831518e-01
-9.770341542382525446e-02,1.486810048301831388e+00
-4.569265917324377702e-01,-1.236098049966489754e+00
6.648950344146582481e-01,-1.778534474740832483e+00
6.529749244517013551e-01,-1.389876344123685215e+00
-1.000942039885442281e+00,-1.219291601087649779e+00
-1.398977238728530637e+00,1.427074056785031519e+00
1.921489471768192514e+00,-5.491410455551325454e-01
1.833521785850359853e+00,-4.599207851241876588e-01
1.660158843331455580e+00,6.806726377816135765e-01
2.237062201810373629e-01,7.676181469194206519e-01
-1.998418794454603686e+00,2.498001805406602216e-16
1.420838780987187189e+00,-7.427374960227728362e-01
-1.533437093461961220e+00,-4.686629864187362715e-01
1.030500770682651002e+00,-1.164310226374234869e+00
-2.651283952384134723e-01,-1.523838855501508771e+00
-3.753724351948408144e-01,-1.100442505532492898e+00
4.535897441096520266e-01,-7.468124254745043267e-01
6.068702252617640402e-01,-8.853307347683389006e-01
-1.482826711296598987e-01,1.289645930552364872e+00
1.826606167036443767e-02,-1.584181317131758915e+00
-5.819272094360455894e-01,-6.590048883366566024e-01
1.664526196718402851e+00,2.049762367344121761e-01
-1.973189440506609493e+00,3.165455889798574063e-01
1.855501197419363368e+00,1.270686633509809649e-01
1.757270073739911620e-01,-1.401585784860408079e+00
-4.625911522335057757e-01,-5.857656045347990892e-01
-4.400582043253054576e-01,-3.915953646007774291e-01
7.713653845636058159e-01,-1.235481502590035197e+00
-4.646727062920265605e-01,1.009705471794046350e+00
1.343987811709927760e+00,-5.484589477310632954e-01
-1.142932578075526395e+00,-1.457401632389681567e-01
3.613298345302445869e-01,6.520717975890536477e-01
1.305011118871366005e+00,9.075646704422385413e-01
-1.303104700816435813e+00,7.422489083881547156e-01
-1.393435618934002695e+00,6.232311190370098952e-01
-6.031860959967396685e-01,8.745558943949960362e-01
5.878636148700774333e-01,1.810579606185403589e+00
-1.829788849032286446e+00,-5.080244278289971493e-01
-1.859794476433661359e+00,-3.953855160646956302e-01
-1.662165814676368036e+00,-4.268972591162472074e-01
-1.413446027066131538e+00,8.591004815143946649e-01
-1.773523507895238716e+00,6.660440579577401321e-01
-1.731641842368821127e+00,7.864320481585024281e-01
-1.597663681994878404e+00,6.327870681015184129e-01
-1.487216120497485139e-02,-7.338672682558359250e-01
1.375680031087097355e+00,-1.196171060080379878e+00
-1.514369945815696061e+00,-2.910656633936430926e-01
-1.490536861339891272e+00,-1.715776607466614478e-01
-1.204595779675207368e+00,7.550617978500666627e-01
-1.323607066192922677e+00,4.444936232537622378e-01
-6.661625177159411493e-01,-8.384955342281619206e-01
-1.101647923663120698e+00,1.215235843386126113e+00
-5.888013196771312296e-01,7.284774446254804747e-01
-4.771588805469551553e-01,8.963669783983329031e-01
1.732789474786348149e+00,-2.479291056852981068e-01
2.290007178763426299e-01,9.549206242974148662e-01
-1.455159141851099180e+00,-1.032388658906002954e+00
-5.067674602823019070e-01,-7.803287661615641024e-01
1.031273934262052938e+00,-2.531856506741121393e-01
1.056278471983474576e+00,1.110103881201505382e+00
1.156891156606242310e+00,5.751373652158041638e-01
-5.408590001526426549e-01,-1.683444994569526898e+00
-5.107082460454328565e-01,-1.832615887639388763e+00
-8.618287299395489542e-01,-2.099982857441314021e-01
-1.142146486391295790e+00,3.116130028502096527e-01
3.477589036688601976e-01,-4.865765129991603821e-01
1.146558881981553313e+00,-1.344556004846994668e+00
1.040332580347053337e+00,-1.348349343989512450e+00
1.539450866179674415e+00,6.039593610067542917e-01
1.156488058417482367e+00,2.621749555327388403e-01
1.085088267825455866e+00,3.936306174459839879e-01
1.012031787373329994e+00,2.131660663771457465e-01
-2.870207339827445248e-01,1.429372979734524485e+00
-6.117097915745685066e-01,1.792883471178859489e+00
-9.859687940566762565e-01,9.846348351478909633e-01
1.267976313533414778e+00,1.106336734219610651e+00
-1.879689784000694308e-01,1.745570918672954441e+00
-2.849295533604472852e-01,1.730801467914201197e+00
2.398586399183743889e-01,5.367098062082168441e-01
-4.991982089822664670e-01,1.529813602207876322e+00
-4.142724347756283620e-01,1.605160834797333846e+00
1.186213796278114518e+00,-1.240123152158676634e+00
4.834861156742221722e-01,3.521754939090582237e-01
1.689642980505640102e+00,4.970949480128414311e-01
1.668281899129099521e+00,3.808142527014108381e-01
1.848204107131304452e+00,4.530620599963823270e-01
1.065853643940955220e-01,1.150324897103120803e+00
-1.506553440795005638e+00,5.262132986901841836e-01
-1.478003010323282851e+00,3.330228549569263508e-01
-9.588265517997461851e-01,8.915554168124103507e-01
-3.938646335371240870e-01,-9.315583340969191273e-01
5.023451363687975180e-02,-1.254036327546743212e+00
6.501222365744889764e-01,-1.583336569901485857e+00
-2.146295089581343185e-01,9.946685145895834967e-01
-3.319539154344166576e-01,1.025221668311405709e+00
-2.989089108961020536e-01,1.170225987680378221e+00
5.151198358025970148e-01,8.670340570026385807e-01
-1.417618736349903097e+00,-9.614758459554625936e-02
2.810888896588246144e-01,1.305974851617915711e+00
-8.438170709066865616e-01,-7.523441332453451036e-01
1.996838839014695832e+00,7.945016697171437825e-02
-1.022706882612134605e+00,1.000511415697121625e-01
-1.122663252420303515e+00,8.828849001007892106e-02
-7.552338373897877766e-01,6.251151396563624507e-01
-9.032205666406305511e-01,7.059268332356181119e-01
-9.505889365564108573e-01,-6.459686799475120589e-01
7.548549752901032583e-01,-6.250037615795845936e-01
9.073075310945428740e-01,-7.034045377944326827e-01
1.176802958043043912e+00,1.135174070321715856e-01
1.029310471905148239e+00,1.151651212140762381e-01
-3.327495052299181966e-01,-5.321144936135914216e-01
-7.076197536668272781e-01,-1.756010618620891028e+00
-1.601601990954459875e+00,-1.176993430220371895e-01
2.659291896273422995e-01,1.808871422122876549e+00
1.635751361113342850e-01,6.934322999099342688e-01
-1.061549515902285995e-01,-1.188816178852529548e+00
1.215253214474215193e+00,-1.457839089308730740e+00
1.141956891949740260e+00,-1.537652085673505198e+00
-1.637229944123863135e+00,1.551514338907031276e-01
8.517303679148747753e-01,1.005313076399268063e-01
8.166517408667175459e-01,3.265497463243951515e-01
9.702865348140351509e-01,-1.001887290211288306e+00
-1.898138402596148300e+00,6.250986183148496966e-01
5.287924833696076021e-01,4.831715886350144151e-01
-1.282683993476199991e+00,1.736423957922289818e-01
1.539631591722155357e-01,1.296004003317145825e+00
-1.775160668105105755e+00,-9.178683350252507811e-01
-1.716400343133736461e+00,-8.190674594731865987e-01
8.138217456538149319e-01,-1.393419619412059607e+00
4.126505773177882030e-01,1.139997662090697528e+00
-8.715347538377138381e-01,5.218071260378264187e-01
1.762961734558116333e+00,-1.529897436178361825e-01
-1.270963056205524078e+00,1.188330433546477494e+00
5.805606608515651024e-01,-7.356483876144833678e-01
-6.370774416992855960e-01,1.082600508032179443e+00
-7.050567578869135765e-01,1.768398730413086817e+00
-1.409938692853055509e+00,1.045855991534617058e+00
1.341135712161645621e+00,-1.481564267790657752e+00
1.913388156483248448e+00,-3.753357727251323273e-02
-1.992101470929275253e+00,1.587747068988307475e-01
-1.886740580810790657e+00,2.004419858059069415e-01
-1.796252874453054371e+00,1.673938731425093362e-01
6.590842834262693462e-01,8.162940822043952549e-01
-1.534472046522285860e+00,-6.162675665196212238e-01
-1.402609300637669421e+00,-4.839092542184507129e-01
7.937077872278098800e-01,8.881334370050698590e-01
4.665246847600582614e-01,-1.597015483341282849e+00
-5.915684887476123366e-02,-9.035581852934527758e-01
-1.266204178958695525e+00,-1.084061186557957190e-01
1.657970381158291762e+00,-9.691209511706390112e-01
-2.043465756399450717e-01,-1.859172088348675311e+00
-3.444565738096469487e-03,1.466101050600925770e+00
-6.027005888933214539e-01,1.611714818866998522e+00
-7.840020939650039766e-01,9.714314930434405637e-01
-8.419756116434380377e-01,1.061541570893783204e+00
1.158734157211761984e+00,-1.051755483325579554e+00
7.649017507005154148e-02,-1.381121727344214900e+00
2.239034777490417072e-01,-1.267314723139111310e+00
4.747847908232141756e-02,8.905784779969766474e-01
-9.189166203577636693e-01,5.317563108469053335e-02
-4.473354084374375206e-01,7.382588828574456752e-01
1.057589358259994228e+00,1.428030875967551738e+00
1.208116602812937090e+00,1.479274559740786366e+00
6.787884788025476401e-02,-5.662644815541598708e-01
-3.349269993747844842e-01,-8.576868632934629977e-01
-9.974925541624904968e-01,2.129013974978840040e-01
-9.777412455510543499e-01,1.451395538250198403e+00
-1.149326265012839077e+00,1.523242891472476490e+00
-1.051381792195025699e+00,1.590194796238276753e+00
-1.753499333532030358e+00,3.439301458727334060e-01
1.278366062501179012e+00,-1.762687255901194128e-01
1.308530079496595055e+00,-3.602064655775746860e-01
-5.626648287346641686e-01,-1.837830809109570751e-01
-1.085834090841698130e+00,6.564969054227612899e-01
-1.012074725099054051e+00,7.547093450306185947e-01
9.111751729144225154e-01,-8.883968323675087708e-01
8.493578061539488466e-01,-1.060697163669390930e+00
7.880503264634236560e-01,-9.566600476339391923e-01
6.916688193104578719e-01,1.779106413587066449e+00
6.907013869042041287e-01,1.653515620523383634e+00
-1.060821046278450641e+00,-1.589119897611738219e+00
-1.030761318054538300e+00,-1.410519524031314642e+00
-1.139252842986844927e+00,-1.542591514263986996e+00
-1.256084052980778631e+00,1.144181123441595505e-02
1.291202586514712092e+00,-3.580848278671910911e-02
-8.962871234453385627e-01,1.291949528421009852e+00
-7.725424859373682118e-02,4.877641290737884106e-01
-1.676021693899314713e-01,-1.516631135450000389e+00
1.830789135380724186e+00,-5.645680826798378238e-01
1.744752131617676616e+00,-4.360535177663444339e-01
1.660591479136255932e+00,-5.632038889618995459e-01
7.498710516749293453e-02,-1.917219789039447786e+00
2.385497089176766838e-01,-1.834128917457274577e+00
-1.642833192979745283e+00,-7.613934942593494348e-01
-1.670534554541427408e+00,-6.034624377521190519e-01
-4.142990832472720486e-01,1.301528225911624759e+00
1.487382416108585126e+00,-6.036003632038199340e-01
1.198543553776719728e+00,-2.992606790639967262e-01
-6.488734732344367817e-01,9.900606196194290387e-01
-1.032807664164794720e-01,-1.453432805283261242e+00
9.306159235348957504e-01,1.076433528489393776e+00
-6.979218994353458827e-01,-7.242894099306433908e-01
-7.535059169470431639e-01,2.878294999882943794e-02
-2.656599940441328744e-02,-1.907227769894088043e+00
-2.558752858463698987e-02,-1.764033561548133067e+00
7.529363260600406837e-01,-2.886829973782362169e-02
7.624143512878925888e-01,5.992343085635944977e-01
-3.760660344461692617e-01,-1.671956113958288359e+00
-1.662687596442596671e+00,-9.360326732548138740e-01
-1.551559727930040378e+00,-9.106004650933834377e-01
-7.507838965062034742e-01,1.218061584626445315e+00
1.501931071919985428e+00,3.003067673635106960e-01
1.396708804979106988e+00,3.219881768815556766e-01
1.473083333956825669e+00,1.586677995915694028e-01
-7.476130509012482994e-01,8.374273018975133542e-01
-3.889345462815598786e-01,1.181777782380639685e+00
4.182167591926806982e-01,1.431478291876248532e+00
-1.941802271132056612e+00,4.723151679289779858e-01
-1.836759247488966018e+00,4.999558698198535156e-01
-1.141812910099159639e+00,-6.289164933160478199e-01
-1.267536329236773618e+00,-4.959262039613546724e-01
-1.278885281810774099e+00,-6.177253725926392658e-01
-1.474840945614355636e+00,1.198318463273123496e-01
7.198447751347348822e-01,1.995550743904767055e-01
6.540184043923537027e-01,3.449007698974270175e-01
-1.298055243463624997e+00,1.012953272304039976e+00
-1.234536726034579868e+00,1.077421497157470043e+00
-1.144214978744058753e+00,1.062946243311261307e+00
-1.111921377501744468e+00,9.764969329652881669e-01
-1.291087377918894052e+00,9.234232206538234289e-01
-1.738539095469025519e-01,1.127139513583361063e+00
1.051082844330388788e+00,-3.868669825498174397e-01
-6.667560865272780246e-01,-1.269546824480188407e+00
-5.615445384272759188e-01,-1.153306635563699833e+00
-1.126003896234765600e+00,1.383654639872539782e+00
1.554916543627329117e+00,8.414892742598205355e-03
1.467323651288796160e+00,-2.614257127197247565e-02
1.632954615236130058e+00,-3.871876009219455544e-02
1.639190167843828316e+00,-1.296660228110902147e-01
-1.713672195743457971e+00,2.011401441116751343e-01
6.588655511438763490e-01,1.175189825538294652e+00
8.322933555267352235e-01,-3.431304540793342905e-01
7.628006103870155208e-01,1.114099864088215819e+00
6.949437897582998458e-01,9.943468663191817880e-01
-1.685680100155390049e+00,6.142127589952928179e-01
-8.892382965809401130e-01,3.544438666093717161e-01
8.670807949422276728e-01,-5.198180004615002847e-01
9.351531832261474886e-01,1.563214472283403156e+00
-1.890105719064466561e+00,2.881723693869484570e-01
1.163133808490865451e-01,-1.795972784660452737e+00
1.167216509947633485e+00,-6.364354141718160385e-01
-3.186885546104618605e-01,1.887206847723960301e+00
-2.005490310867185655e-01,1.898131927241983874e+00
1.244406717488105274e+00,-1.121387381560565277e+00
2.456335196694814371e-01,-7.667425486920917965e-01
1.431139751723604414e+00,8.691018153676840496e-01
-1.396205234791343397e+00,-7.572025574505004686e-01
-1.776013548099323047e-01,-7.646295374734646266e-01
3.969590723076381056e-01,-1.763922480926715997e+00
6.818386833490157617e-01,1.526388084741840290e+00
7.752164298177046664e-01,5.892035847015964639e-02
8.987926092099085551e-01,-6.471037948188428091e-02
-2.072275216760479863e-02,1.041822929594011127e+00
7.656927302446455696e-01,-1.793941693635741075e-01
8.539443517844778064e-01,-1.921151808022468765e-01
1.474392282655580644e+00,-1.388060373811932924e-01
1.554006206351708830e+00,-1.802021053227915726e-01
-7.256150917150536728e-01,3.094462161476430606e-01
-1.919009057376164229e+00,-3.975651509692551544e-02
-1.797708804228418389e+00,-1.179437368236830874e-01
-1.791811826597014656e+00,4.376553191704529722e-02
-8.823928222415001743e-01,1.793059002176468297e+00
1.398015948531242891e+00,2.812226067828341863e-02
1.896421254479966567e+00,-2.777890050644558628e-01
1.902431090383087442e+00,-1.624205845927708669e-01
4.570436450854673677e-03,-1.498516333984660331e+00
-3.156105279791238671e-01,8.349409050576210856e-01
-5.866030161727171510e-01,1.351307389792490765e+00
-5.290068474745390770e-01,1.445617646159283121e+00
9.557698639368314986e-01,1.356962168656053791e+00
1.005628335505554194e+00,1.236304857922658762e+00
8.721791395117740597e-01,1.205673077642015700e+00
-1.927372485208274644e-01,-8.601727868452898607e-01
1.587309316713120921e+00,-8.470503673474989448e-01
-5.872359109925423537e-01,1.910191525180171546e+00
-1.619871708064208882e+00,7.779988375325833649e-01
-6.826021276730328546e-01,1.492700763026588051e+00
1.006208735931437781e+00,-1.427980383151231880e+00
-1.372911603163758265e+00,1.343693315461584659e+00
1.318556055091823220e-01,1.693072811058962790e+00
8.220852990276442118e-02,-7.854370312849326963e-01
5.429053967418656645e-02,-9.134589221934436010e-01
-1.039993431636877297e+00,1.153503100005063953e+00
-1.084095076737114471e+00,-3.073492103949060361e-01
1.653299927362128718e+00,1.122620607424329897e+00
1.562059013681416975e+00,1.115686355809126562e+00
-6.744720334757547953e-01,5.801516717190220440e-01
3.477172258470362376e-01,-1.637511604611716409e+00
-7.610359865356661757e-01,-1.807200442206411961e-01
-8.173277144746973200e-01,-3.444590733714664177e-01
6.683020682647652366e-01,-4.066926988708083890e-01
6.801253828800071233e-01,-5.796246669102654847e-01
1.726441192413351589e+00,5.762392234011979308e-01
1.756928730018011642e+00,7.488862620975710316e-01
1.714763971164285916e+00,8.578513715434886722e-01
1.578089736183506453e+00,7.889089412383577526e-01
1.618890253200508278e+00,1.002482727805513951e+00
-1.550944406587772662e+00,1.754182561627891657e-01
4.845155928831134107e-01,-1.288338819699396121e+00
6.607590723000880129e-01,-1.304575274667465035e+00
5.952555007012839683e-01,-1.192896351221033990e+00
-8.823928222415006184e-01,-1.793059002176468075e+00
-1.609994472556864897e+00,4.420276358782911919e-01
-1.762147780512168582e+00,4.583186041219522999e-01
-1.685051483019096796e+00,4.976047020367698748e-01
7.816491337368549619e-01,-1.661115734526690924e+00
7.451502190747262278e-01,-8.316358560744077089e-01
-1.114045858771614883e+00,-1.430103651340845605e+00
1.417869359511939820e+00,-4.166462803305037155e-01
1.521443219109948064e+00,-4.887518088635934843e-01
1.481372631053609057e+00,-3.208778790068873010e-01
-1.002811062830628153e+00,-5.122780172809519028e-01
-9.186216896787978703e-01,-1.326055901170163143e+00
-7.536647368766972166e-01,-1.367344944816890173e+00
-8.365656284252256381e-01,-1.445943744634686112e+00
1.453422916730652492e+00,1.076291417047042565e+00
1.495458794321879781e+00,9.519487942996295304e-01
-1.711751576983582712e+00,-5.041394063163838757e-01
-1.238089450261790070e+00,-3.584899819947256483e-01
-1.646917902913002996e+00,4.853185043588845865e-02
-1.583129379058397346e+00,-1.484924388321608515e-02
-3.226715329295536810e-02,1.645305589291538917e+00
-1.195919812772266333e+00,5.740654225982627645e-01
4.291727440515875625e-01,1.861284222518149178e+00
6.746914050448135081e-01,1.402713770705076968e+00
5.618529222579085047e-01,1.529911391835484524e+00
-4.365391042048459569e-02,-1.130710142487387104e+00
7.550776061142183693e-03,-1.331171296724473985e+00
1.081511110256694552e+00,8.647612240016250285e-01
-5.597488474265001068e-01,-9.536523425896277217e-01
-4.444045792272548479e-01,1.429170409499096683e+00
-1.398977238728531081e+00,-1.427074056785031075e+00
-5.586836995464719013e-01,1.707503821021564061e+00
-1.355589145723243849e+00,1.194322982862409122e+00
-9.921460342772088215e-01,-1.036465495204384801e+00
-9.363541305731836184e-01,-1.524377218965938141e+00
-1.180545817974110179e+00,-1.189567452651699053e+00
1.299786507646254918e+00,1.189261638709337987e+00
1.650751616242303321e-01,-1.532242810608137829e+00
1.519538167763609671e-01,-1.680235584142858007e+00
-8.752307349262123948e-01,2.101474080620817919e-01
1.147904061092362094e+00,-5.004620753886190876e-02
9.871835449155249576e-01,7.138407147063213776e-01
9.601119073895927336e-01,8.298362725251394734e-01
-8.186260286241737738e-01,-9.377111102003773402e-01
-6.495670150221513062e-01,4.119002592876274127e-01
1.808516050903554051e+00,2.751814578930144584e-01
1.208343327528447197e+00,1.351585788792118104e+00
-1.941802271132056390e+00,-4.723151679289779858e-01
3.028925697956527663e-01,-1.544537166148443275e+00
5.108290824442388578e-01,1.932027775824811666e+00
-6.063166764312929446e-01,-4.852742318783126452e-01
-1.237238668235453698e+00,1.266750333531258432e+00
1.430181661781758207e+00,5.780756993732356630e-01
1.422350855082911369e+00,4.631010963683306336e-01
4.740743094130415169e-01,-1.436654615974554350e+00
-4.087720205845536414e-01,-1.513700636496952967e+00
8.280946878000454703e-01,7.571763807380514910e-01
4.400183776675252179e-01,-2.242005616668552026e-01
1.577216939111972804e-01,5.611695619513837885e-01
7.725424859373687669e-02,4.877641290737884106e-01
-1.842473891934251151e+00,7.739299939723520705e-01
-6.528165338426739073e-01,-5.546394131451677367e-01
-4.400183776675252179e-01,2.242005616668552026e-01
-3.606549912711859984e-01,-1.316244365981108499e+00
-4.657257572688701663e-01,1.859186495088982261e+00
7.406494311528903918e-01,-4.518441459249982195e-01
-1.577134618151701195e+00,1.079875240303527217e+00
-1.607361340728269194e+00,1.187462503981330908e+00
-1.513301848465411270e+00,1.182032528208831534e+00
1.303415332301691432e-01,1.449996857298988973e+00
-1.215895215289585218e-01,-1.665807098445598600e+00
-2.032811596132657606e-01,-1.693450243495706609e+00
-7.057868967084396372e-01,-2.994284433897252962e-01
-5.142342369984771455e-01,-3.517068399347318408e-01
3.047968704993033948e-02,-1.069075164493165531e+00
-8.139689364795177351e-01,-1.744058266599461948e+00
-2.242005616668552026e-01,-4.400183776675252179e-01
1.286382519938775282e+00,3.752671741730190247e-01
-1.473179940103026331e+00,8.024732600085331402e-01
9.277510060335838471e-01,-2.304468645635016910e-01
-1.155269918173191579e+00,1.630652965591851133e+00
-7.748206525540006773e-01,-5.201191366183746667e-02
-1.415656770013696164e+00,1.136841549896272063e+00
6.472737541904890479e-01,-1.093733828354703341e+00
1.574774698332543021e+00,5.300111991191802652e-01
1.547343872492125683e-01,9.892936715719952145e-01
1.467039648052444356e+00,6.532843539597329441e-01
-6.443945190605286921e-01,1.622521113887009370e-01
-1.526928412837827431e-01,1.548078945734557399e+00
-1.063373662119984076e+00,8.206977375585464696e-01
1.804457076016731942e-01,8.368707434393038991e-01
6.442361834301565393e-01,-1.622418808909163179e-01
-7.267162352154217242e-01,-1.180592181239878968e+00
-5.816537390108240668e-01,-1.184264306372311178e-02
3.421732612704222465e-01,8.412847254238129402e-01
-8.057475622900405199e-01,3.580128016893570075e-01
1.871785986455989370e+00,-7.000677816728683167e-01
5.814883969574473621e-01,1.188723286472887115e-02
3.034886984550597688e-01,1.227683371811956414e+00
4.399280672016471772e-01,1.290807874870004701e+00
5.759805445000468205e-02,1.597452289257248026e+00
-1.763956901288637802e+00,-3.385322952218642323e-01
-1.898138402596148522e+00,-6.250986183148488085e-01
1.259311100252139104e+00,1.176718195349238522e-01
-1.748544794465579200e+00,-2.626611351603373723e-02
-5.390496649588996103e-01,-1.587471152066382674e+00
-4.716626743200366123e-01,-1.435353265238327181e+00
5.770183691280317273e-01,1.163830944287544300e+00
1.983506571588875000e-01,-1.988550903254434843e+00
1.132846750614374454e+00,1.137775738149747751e+00
1.175120637612308228e+00,9.859365065285971008e-01
1.101458856176163570e+00,1.029901436388485747e+00
-5.872359109925422427e-01,-1.910191525180171768e+00
1.323050376809252304e+00,-1.402344280851688829e+00
1.256266456190455072e+00,-1.281429150598535571e+00
-1.412151234215899276e+00,1.907058717083038590e-01
-1.379673051096784508e+00,2.566646306038485037e-02
-1.303883559717694540e+00,9.492421836100203847e-02
-8.469527432861695404e-01,1.432400366829319482e+00
-7.642829882717754320e-01,1.511723297437945757e+00
-7.164814110448869400e-01,1.360108508256959947e+00
1.834615457986134845e-01,1.808101007495597878e+00
5.551110882590906126e-01,1.701658176263436961e-01
-8.274609609305262348e-01,-1.610457919477746414e+00
-6.857576576707961058e-01,-1.673394700680882252e+00
1.339297387011897378e+00,-7.660662012421992628e-01
-3.085356602171264173e-01,1.649650497562718199e+00
4.770061280811617177e-01,-1.743356880304718581e+00
-1.443619757221718869e+00,6.866820321538762428e-01
1.219185637817068679e+00,1.583434260893068934e+00
9.792498887678193764e-01,-6.005617428275662750e-02
4.802810394204678479e-01,-1.128163980447498549e+00
-5.720334681723434622e-01,5.027252323474811213e-01
1.914981011858466475e+00,7.004904753615187607e-02
-6.915310461548322962e-01,-1.021340660267832101e+00
-1.563920549611674815e+00,2.550794002602984056e-01
-1.673807183494263384e+00,3.325939921221007234e-01
9.529809773193335110e-01,-1.756560541198873615e+00
1.029801763726555075e+00,-5.360306013363844713e-01
4.474955759155404000e-01,1.723051197226237230e+00
-1.015965958236711542e+00,-3.496574062834563734e-01
-8.937423544960382271e-01,-3.687453478336761847e-01
-9.398050458817446273e-01,-2.288719527459443515e-01
-1.381217698132361393e+00,-9.300785320720695859e-01
-1.279821611912365098e+00,-1.003431052540902035e+00
-1.231272064751167461e+00,-8.840523279666433476e-01
-1.344432622432461422e+00,8.140308139600135329e-01
3.821258703774630394e-01,-7.831429866391477201e-01
-1.533698205664650593e-01,1.429088086190724027e+00
